test,mScore,sdScore,mAge,sdAge
post,71.76038674442033,6.308725934445868,30.736483836474466,4.17724411172275
pre,44.919283404953546,7.819863245944149,30.736483836474466,4.17724411172275
